Issue Key,Summary,Issue Type,Story Points,Original Estimate,Component,Parent Id,Status,Assignee,Epic Link
PROJ-101,Implement Login Page,Story,5,,UI,,In Progress,John Doe,PROJ-100
PROJ-102,Design Database Schema,Story,8,,Backend,,To Do,Jane Smith,PROJ-100
PROJ-103,Fix Login Timeout,Bug,,4h,Frontend,,Done,Bob Johnson,
PROJ-104,API Authentication,Story,13,,Backend,,In Progress,Alice Brown,PROJ-100
PROJ-105,User Profile API,Story,,,Backend,,To Do,John Doe,PROJ-100
PROJ-106,Get User Data,Sub-task,,2h,,PROJ-105,In Progress,Jane Smith,
PROJ-107,Update User Data,Sub-task,,3h,,PROJ-105,To Do,Bob Johnson,
PROJ-108,Setup Infrastructure,Task,,8h,SRE,,Done,Alice Brown,

